product,reviews,price
100% Whey Protein Powder (Blend of Concentrate & Isolate) with Digestive Enzymes,1312 reviews,Sale priceFrom ₹899.00
100% Isolate Whey Protein with Digestive Enzymes,353 reviews,"Sale priceFrom ₹2,799.00"
Triple Strength Purified Omega 3 Fish Oil 2500mg - 1500mg EPA/DHA,280 reviews,Sale priceFrom ₹575.00
"Raw Whey Protein Concentrate, Unflavored",201 reviews,Sale priceFrom ₹849.00
Marine Collagen Protein,66 reviews,"Sale priceFrom ₹1,199.00"
"Multivitamin with Multimineral, Amino Acids & Green Tea Extract",33 reviews,Sale priceFrom ₹575.00
"Raw ISO, Whey Protein Isolate, Unflavored",27 reviews,"Sale priceFrom ₹1,449.00"
"PROCOLLAGEN®, Hydrolyzed Collagen Peptides Protein",5 reviews,"Sale priceFrom ₹1,599.00"
"Mass Gainer with Oat Fibre, Creatine, Glutamine, Vitamins & Minerals",4 reviews,Sale priceFrom ₹499.00
Micellar Casein (Slow Release Protein),17 reviews,Sale priceFrom ₹999.00
"Single Strength Purified Omega 3 Fish Oil 2000mg, 600mg EPA/DHA",4 reviews,Sale priceFrom ₹575.00
"Double Strength Purified Omega 3 Fish Oil 2000mg, 1000mg EPA/DHA",41 reviews,Sale priceFrom ₹475.00
"Creatine Monohydrate, Made With Creapure®",27 reviews,Sale priceFrom ₹499.00
Creatine Monohydrate,93 reviews,Sale priceFrom ₹299.00
Pure L - Glutamine,26 reviews,Sale priceFrom ₹575.00
BCAA + Glutamine,29 reviews,Sale price₹575.00
Liquid Pre Workout,19 reviews,Sale price₹899.00
L-Carnitine Liquid 3500mg Per Serving,2 reviews,Sale priceFrom ₹899.00
"100% Isolate Whey Protein with Digestive Enzymes, 400g (Trial Pack)",353 reviews,"Sale priceFrom ₹1,299.00"
"100% Whey Protein Powder (Blend of Concentrate & Isolate) with Digestive Enzymes, 400g (Trial Pack)",1312 reviews,Sale price₹899.00
"PROCOLLAGEN®, Hydrolyzed Collagen Peptides Protein, 300g (Trial Pack)",5 reviews,"Sale price₹1,599.00"
"Raw Whey Protein Concentrate Unflavored, 400g (Trial Pack)",201 reviews,Sale price₹849.00
"Raw ISO, Whey Protein Isolate Unflavored, 400g (Trial Pack)",27 reviews,"Sale price₹1,449.00"
Gym / Protein Shaker Bottle with Mixer Ball (650ml),27 reviews,Sale price₹175.00
Gallon Water Bottle (1500ml),83 reviews,Sale price₹299.00
